Name,Team,PER,OWS,DWS
Alex Abrines,Oklahoma City Thunder,6.3,0.1,0.6
Quincy Acy,Phoenix Suns,2.9,-0.1,0
Jaylen Adams,Atlanta Hawks,7.6,-0.1,0.2
Steven Adams,Oklahoma City Thunder,18.5,5.1,4
Bam Adebayo,Miami Heat,17.9,3.4,3.4
Deng Adel,,2.7,-0.2,0
LaMarcus Aldridge,San Antonio Spurs,22.9,6.4,2.9
Rawle Alkins,,8.1,-0.1,0
Grayson Allen,Utah Jazz,7.5,-0.4,0.4
Jarrett Allen,Brooklyn Nets,18.5,4.4,3.3
Kadeem Allen,,16.2,0.7,0.2
Al-Farouq Aminu,Portland Trail Blazers,13.2,3,2.8
Justin Anderson,Atlanta Hawks,11.2,0.1,0.4
Kyle Anderson,Memphis Grizzlies,12.8,0.8,1.8
Ike Anigbogu,Indiana Pacers,-6,-0.1,0
Giannis Antetokounmpo,Milwaukee Bucks,30.9,8.9,5.5
Kostas Antetokounmpo,,-0.9,-0.1,0
Carmelo Anthony,Atlanta Hawks,10.9,0.1,0.2
OG Anunoby,Toronto Raptors,9.8,0.3,1.7
Ryan Arcidiacono,Chicago Bulls,11.6,2.8,0.9
Trevor Ariza,Washington Wizards,12,1.3,1.2
D.J. Augustin,Orlando Magic,15.7,5,1.9
Deandre Ayton,Phoenix Suns,20.5,4.1,1.7
Dwayne Bacon,Charlotte Hornets,11.7,0.9,0.3
Marvin Bagley III,Sacramento Kings,18.9,2,1.6
Ron Baker,New York Knicks,2.5,-0.2,0.1
Wade Baldwin,Indiana Pacers,1.3,-0.4,0.1
Lonzo Ball,Los Angeles Lakers,11.7,-0.2,1.7
Mohamed Bamba,Orlando Magic,14.9,0.3,1.4
J.J. Barea,Dallas Mavericks,16.3,0.4,0.6
Harrison Barnes,Sacramento Kings,12.8,2,1.6
Will Barton,Denver Nuggets,11,0.1,1.1
Keita Bates-Diop,Minnesota Timberwolves,9.6,0,0.4
Nicolas Batum,Charlotte Hornets,11.9,2,1.7
Jerryd Bayless,Minnesota Timberwolves,8.5,-0.2,0.2
Aron Baynes,Boston Celtics,14,1.3,1.1
Kent Bazemore,Atlanta Hawks,11.9,-0.7,1.4
Bradley Beal,Washington Wizards,20.8,5.9,1.7
Malik Beasley,Denver Nuggets,14.2,2.9,1.6
Michael Beasley,Los Angeles Clippers,15.9,-0.1,0.4
Marco Belinelli,San Antonio Spurs,11.9,1.4,1.1
Jordan Bell,Golden State Warriors,12.9,0.5,1.1
DeAndre' Bembry,Atlanta Hawks,10.8,-0.9,1.7
Dragan Bender,Phoenix Suns,9.5,0,0.4
Dairis Bertans,New Orleans Pelicans,2,-0.2,0
Davis Bertans,San Antonio Spurs,13,2.6,1.5
Patrick Beverley,Los Angeles Clippers,11.8,2.8,2
Khem Birch,Orlando Magic,19.2,1.8,1
Bismack Biyombo,Charlotte Hornets,14.4,1.2,0.8
Nemanja Bjelica,Sacramento Kings,15.4,2.7,1.9
Antonio Blakeney,Chicago Bulls,10.6,-0.8,0.3
Eric Bledsoe,Milwaukee Bucks,19.3,4.4,3.7
Jaron Blossomgame,,10.2,0.2,0.1
Bogdan Bogdanovic,Sacramento Kings,14.1,1.3,1.4
Bojan Bogdanovic,Indiana Pacers,16.1,3.9,2.8
Andrew Bogut,Golden State Warriors,13.4,0.1,0.2
Jonah Bolden,Philadelphia 76ers,12.7,0.5,0.9
Isaac Bonga,Los Angeles Lakers,6,-0.3,0.2
Devin Booker,Phoenix Suns,20.2,3.3,0.3
Chris Boucher,Toronto Raptors,22.2,0.2,0.4
Avery Bradley,Memphis Grizzlies,7.6,-0.6,1
Tony Bradley,Utah Jazz,19.6,0,0.1
Corey Brewer,Philadelphia 76ers,11.6,0.4,0.6
Mikal Bridges,Phoenix Suns,10.8,1.7,1.2
Miles Bridges,Charlotte Hornets,13.1,1.4,1.5
Isaiah Briscoe,Orlando Magic,6.7,-0.3,0.5
Ryan Broekhoff,Dallas Mavericks,10.7,0.5,0.3
Malcolm Brogdon,Milwaukee Bucks,17.8,4.2,2.3
Dillon Brooks,Memphis Grizzlies,7.6,-0.3,0.3
MarShon Brooks,Chicago Bulls,11.6,-0.2,0.3
Bruce Brown,Detroit Pistons,6.9,-0.1,1.6
Jaylen Brown,Boston Celtics,13.5,0.7,2.4
Lorenzo Brown,Toronto Raptors,6.3,-0.5,0.3
Sterling Brown,Milwaukee Bucks,10.9,0.7,1.4
Troy Brown Jr.,Washington Wizards,11.1,0.2,0.4
Jalen Brunson,Dallas Mavericks,12.8,1.5,1
Thomas Bryant,Washington Wizards,21,4.3,1.3
Reggie Bullock,Los Angeles Lakers,10.5,1.6,1.4
Trey Burke,Dallas Mavericks,16.5,1.4,0.5
Alec Burks,Sacramento Kings,12.7,0.7,0.8
Deonte Burton,,7,-0.2,0.3
Jimmy Butler,Philadelphia 76ers,20.2,5.4,2.5
Bruno Caboclo,Memphis Grizzlies,12.4,0.6,0.9
Jose Calderon,Detroit Pistons,7.1,0,0.5
Kentavious Caldwell-Pope,Los Angeles Lakers,12.9,2.3,1.8
Isaiah Canaan,Minnesota Timberwolves,8,0,0.1
Clint Capela,Houston Rockets,23.8,7.8,3
DeMarre Carroll,Brooklyn Nets,12.1,1.5,1.6
Jevon Carter,Memphis Grizzlies,7.8,-0.7,0.7
Vince Carter,Atlanta Hawks,11.8,1.2,0.7
Wendell Carter Jr.,Chicago Bulls,15.2,0.7,1.2
Michael Carter-Williams,Chicago Bulls,14.7,0.2,0.6
Alex Caruso,,13.9,0.5,0.6
Omri Casspi,Memphis Grizzlies,15.7,0.6,0.7
Willie Cauley-Stein,Sacramento Kings,18,3.8,2.9
Troy Caupain,,30.7,0.1,0
Tyler Cavanaugh,,5,0,0
Tyson Chandler,Phoenix Suns,11.2,0.9,1.2
Wilson Chandler,Los Angeles Clippers,8.5,0.5,1
Joe Chealey,,2,0,0
Chris Chiozza,Houston Rockets,7,0,0
Marquese Chriss,Cleveland Cavaliers,9.2,-0.6,0.4
Gary Clark,,9.2,0.3,0.7
Ian Clark,New Orleans Pelicans,8.3,-0.4,0.3
Jordan Clarkson,Cleveland Cavaliers,16.8,1.9,-0.1
John Collins,Atlanta Hawks,21.8,5,1
Zach Collins,Portland Trail Blazers,13.5,1.4,1.5
Darren Collison,Indiana Pacers,16.7,3.9,2.9
Bonzie Colson,,12.9,0,0.2
Mike Conley,Memphis Grizzlies,21.4,5.7,2.3
Pat Connaughton,Milwaukee Bucks,13.6,2,1.9
Quinn Cook,Golden State Warriors,13.1,1,0.8
DeMarcus Cousins,Golden State Warriors,21.4,0.9,1.5
Robert Covington,Minnesota Timberwolves,13.3,0.9,1.6
Allen Crabbe,Brooklyn Nets,7.7,-0.2,1
Torrey Craig,Denver Nuggets,10.4,1.4,1.7
Jamal Crawford,Atlanta Hawks,11.7,0.1,0
Mitch Creek,Brooklyn Nets,20.2,0.1,0
Jae Crowder,Utah Jazz,12.1,1.3,3.1
Dante Cunningham,San Antonio Spurs,10.2,1,0.9
Seth Curry,Portland Trail Blazers,11.4,1.5,0.9
Stephen Curry,Golden State Warriors,24.4,7.2,2.5
Troy Daniels,Phoenix Suns,9.8,0.2,0.1
Anthony Davis,New Orleans Pelicans,30.3,6.4,3.1
Deyonta Davis,Sacramento Kings,15.6,0.3,0.1
Ed Davis,Brooklyn Nets,17.3,3.3,2.5
Dewayne Dedmon,Atlanta Hawks,16,2.1,1.9
Sam Dekker,Washington Wizards,13.3,0.6,0.5
Angel Delgado,,4.3,0,0
Matthew Dellavedova,Cleveland Cavaliers,11.1,0.5,0
Luol Deng,Los Angeles Lakers,14.6,0.5,0.3
DeMar DeRozan,San Antonio Spurs,19.6,3.6,2.6
Marcus Derrickson,,19.4,0.2,0
Cheick Diallo,New Orleans Pelicans,17.5,1.4,1.2
Hamidou Diallo,Oklahoma City Thunder,10.1,0.1,0.7
Gorgui Dieng,Minnesota Timberwolves,18.1,1.5,1.3
Spencer Dinwiddie,Brooklyn Nets,16.3,3.5,1.4
Donte DiVincenzo,Milwaukee Bucks,9.1,0,0.6
Luka Doncic,Dallas Mavericks,19.6,2.1,2.8
Tyler Dorsey,Memphis Grizzlies,11.2,0.2,0.4
Damyean Dotson,New York Knicks,10.8,0.7,0.9
PJ Dozier,,16,0.1,0.1
Goran Dragic,Miami Heat,13.9,0.6,1
Andre Drummond,Detroit Pistons,23.4,4.1,5.9
Jared Dudley,Brooklyn Nets,7.8,0.6,1.2
Kris Dunn,Chicago Bulls,12.4,-0.5,1.2
Kevin Durant,Golden State Warriors,24.2,8.6,2.9
Trevon Duval,,38.3,0.1,0
Vince Edwards,,3.8,0,0
Henry Ellenson,Detroit Pistons,13.1,0.2,0.2
Wayne Ellington,Phoenix Suns,11.8,1.3,1.4
Joel Embiid,Philadelphia 76ers,26.1,4.9,3.8
James Ennis,Philadelphia 76ers,11,1.6,1
Drew Eubanks,,15.1,0.1,0.2
Jacob Evans,Golden State Warriors,3.5,-0.3,0.2
Jawun Evans,Los Angeles Clippers,0.1,-0.2,0
Tyreke Evans,Indiana Pacers,11.5,-1.7,2
Dante Exum,Utah Jazz,11.2,0.2,0.7
Kenneth Faried,Brooklyn Nets,21.6,2.1,0.9
Derrick Favors,Utah Jazz,21.8,4.4,3.5
Cristiano Felicio,Chicago Bulls,13.4,0.9,0.4
Raymond Felton,Oklahoma City Thunder,11.2,0.3,0.4
Terrance Ferguson,Oklahoma City Thunder,6.4,1.2,1.6
Yogi Ferrell,Sacramento Kings,12.7,1.3,0.6
Dorian Finney-Smith,Dallas Mavericks,11,1.2,2
Bryn Forbes,San Antonio Spurs,12,2.5,1.3
Evan Fournier,Orlando Magic,12.3,0.8,2.5
De'Aaron Fox,Sacramento Kings,18.1,3.2,2.5
Melvin Frazier,Orlando Magic,1.2,-0.2,0
Tim Frazier,New Orleans Pelicans,11.7,1.3,0.7
Jimmer Fredette,Phoenix Suns,3.6,-0.2,0
Channing Frye,Cleveland Cavaliers,8.9,0.1,0
Markelle Fultz,Orlando Magic,10.5,-0.1,0.4
Danilo Gallinari,Los Angeles Clippers,21,6.4,1.8
Langston Galloway,Detroit Pistons,10.7,2.1,1.3
Billy Garrett,,9.8,0,0
Marc Gasol,Toronto Raptors,16.7,2,4
Pau Gasol,San Antonio Spurs,16.7,0.5,0.5
Rudy Gay,San Antonio Spurs,17.5,2.2,2.2
Paul George,Oklahoma City Thunder,23.3,7,4.9
Taj Gibson,Minnesota Timberwolves,17.8,3.7,1.4
Harry Giles,Sacramento Kings,14.4,0,1
Shai Gilgeous-Alexander,Los Angeles Clippers,13.4,1.5,1.9
Rudy Gobert,Utah Jazz,24.6,8.7,5.7
Brandon Goodwin,,8.3,0,0
Aaron Gordon,Orlando Magic,15.1,1.8,3.3
Eric Gordon,Houston Rockets,12.2,1.7,1
Marcin Gortat,Los Angeles Clippers,12.8,0.6,0.8
Devonte' Graham,Charlotte Hornets,10.3,0.2,0.3
Treveon Graham,Brooklyn Nets,6.1,-0.1,0.6
Jerami Grant,Oklahoma City Thunder,13.8,4,3.3
Jerian Grant,Orlando Magic,10.8,0.5,1.1
Donte Grantham,,-38.1,0,0
Danny Green,Toronto Raptors,13,3,2.9
Draymond Green,Golden State Warriors,12.9,1.1,3.2
Gerald Green,Houston Rockets,11.4,0.9,1
JaMychal Green,Los Angeles Clippers,14.7,0.9,1.9
Jeff Green,Washington Wizards,13.6,2.8,0.8
Blake Griffin,Detroit Pistons,21,5.1,2.9
Daniel Hamilton,Atlanta Hawks,7.1,-0.2,0.1
Dusty Hannahs,Memphis Grizzlies,4.5,-0.1,0
Tim Hardaway Jr.,Dallas Mavericks,13.6,1,0.9
James Harden,Houston Rockets,30.6,11.4,3.8
Maurice Harkless,Portland Trail Blazers,13.2,1.5,1.9
Montrezl Harrell,Los Angeles Clippers,23.4,6.1,2.6
Devin Harris,Dallas Mavericks,10.7,0.6,0.9
Gary Harris,Denver Nuggets,12.2,1.1,1.5
Joe Harris,Brooklyn Nets,13.5,3.8,1.7
Tobias Harris,Philadelphia 76ers,17.2,4.5,2.6
Andrew Harrison,Memphis Grizzlies,5.8,-0.1,0
Shaquille Harrison,Phoenix Suns,12.4,-0.1,1.6
Josh Hart,Los Angeles Lakers,9.3,0.2,1.9
Isaiah Hartenstein,Houston Rockets,10,0.2,0.3
Udonis Haslem,Miami Heat,3.6,-0.2,0.1
Gordon Hayward,Boston Celtics,15.6,2.6,2.3
John Henson,Cleveland Cavaliers,17.1,0.1,0.4
Juan Hernangomez,Denver Nuggets,11,1.6,1.4
Willy Hernangomez,Charlotte Hornets,20.4,1.8,0.8
Mario Hezonja,New York Knicks,10.8,-1.1,1.1
Isaiah Hicks,,17.4,0.1,0
Buddy Hield,Sacramento Kings,17.5,4.3,1.6
Haywood Highsmith,,4.5,0,0
Nene,Houston Rockets,11.9,0.8,0.6
George Hill,Milwaukee Bucks,12.1,1.5,1.3
Solomon Hill,New Orleans Pelicans,6.8,0.1,0.4
Aaron Holiday,Indiana Pacers,11.9,0.1,0.8
Jrue Holiday,New Orleans Pelicans,19.4,3.5,1.9
Justin Holiday,Memphis Grizzlies,10,-0.4,2.5
Rondae Hollis-Jefferson,Brooklyn Nets,12.5,-0.5,1.7
Richaun Holmes,Phoenix Suns,20.7,3.1,1.1
Rodney Hood,Portland Trail Blazers,12.3,2.1,0.5
Al Horford,Boston Celtics,20.2,4.5,2.9
Danuel House,,12.2,1.6,0.7
Dwight Howard,Washington Wizards,17.4,0.4,0.2
Kevin Huerter,Atlanta Hawks,10.1,0.7,0.7
Isaac Humphries,Atlanta Hawks,3.4,-0.1,0
R.J. Hunter,,21.5,0.1,0
Chandler Hutchison,Chicago Bulls,8.8,0,0.6
Serge Ibaka,Toronto Raptors,18.7,2.8,3.3
Andre Iguodala,Golden State Warriors,13.1,2.4,1.8
Ersan Ilyasova,Milwaukee Bucks,11.6,1.2,1.9
Joe Ingles,Utah Jazz,13.4,2.5,3.6
Andre Ingram,Los Angeles Lakers,-11.9,-0.1,0
Brandon Ingram,Los Angeles Lakers,13.4,0.6,1.4
Kyrie Irving,Boston Celtics,24.3,6.2,2.9
Jonathan Isaac,Orlando Magic,13,0.9,3.1
Wesley Iwundu,Orlando Magic,8.7,0.5,1.4
Demetrius Jackson,Boston Celtics,21,0.2,0
Frank Jackson,New Orleans Pelicans,9.4,0.1,0.4
Jaren Jackson Jr.,Memphis Grizzlies,16.4,1.2,2.2
Josh Jackson,Phoenix Suns,10.6,-2.8,1.1
Justin Jackson,Dallas Mavericks,11.3,2,0.9
Reggie Jackson,Detroit Pistons,15.2,3.1,1.9
LeBron James,Los Angeles Lakers,25.6,4.7,2.6
Amile Jefferson,,21.1,0.2,0.1
John Jenkins,Washington Wizards,9.7,0.2,0
Jonas Jerebko,Golden State Warriors,13.5,2.1,1.2
Alize Johnson,Indiana Pacers,6.3,-0.1,0.1
Amir Johnson,Philadelphia 76ers,13.1,0.4,0.7
B.J. Johnson,Atlanta Hawks,12.8,0,0
James Johnson,Miami Heat,10.9,0,1.5
Stanley Johnson,New Orleans Pelicans,9.6,-1.1,1.6
Tyler Johnson,Phoenix Suns,12.4,0.9,1.4
Wesley Johnson,Washington Wizards,5.5,-0.3,0.3
Nikola Jokic,Denver Nuggets,26.3,7.5,4.3
Damian Jones,Golden State Warriors,15.3,1,0.5
Derrick Jones Jr.,Miami Heat,14,1.2,1.7
Jemerrio Jones,,12.1,0,0.2
Terrence Jones,Houston Rockets,-15.8,-0.1,0
Tyus Jones,Minnesota Timberwolves,13.7,2.1,0.9
DeAndre Jordan,New York Knicks,19,4,3.1
Cory Joseph,Indiana Pacers,11,0.5,2.9
Frank Kaminsky,Charlotte Hornets,16.8,1.3,0.5
Enes Kanter,New York Knicks,22.3,3.9,1.6
Luke Kennard,Detroit Pistons,11.9,1.3,1.3
Michael Kidd-Gilchrist,Charlotte Hornets,13.3,1.5,1
George King,,1.9,0,0
Maxi Kleber,Dallas Mavericks,13.1,1.6,1.8
Brandon Knight,Cleveland Cavaliers,8.9,-0.1,0
Kevin Knox,New York Knicks,8.7,-2.2,0.9
Furkan Korkmaz,Philadelphia 76ers,11.5,0.4,0.7
Luke Kornet,New York Knicks,14.8,0.6,0.7
Kyle Korver,Utah Jazz,11.2,1,1.3
Kosta Koufos,Sacramento Kings,12.3,0,0.7
Rodions Kurucs,Brooklyn Nets,11,0.1,1.5
Kyle Kuzma,Los Angeles Lakers,14,1.2,1.9
Skal Labissiere,Portland Trail Blazers,12.6,0.1,0.2
Jeremy Lamb,Charlotte Hornets,17.3,3.3,2
Zach LaVine,Chicago Bulls,18.7,1.7,1.1
Jake Layman,Portland Trail Blazers,13.5,1.9,1.2
T.J. Leaf,Indiana Pacers,16.9,0.9,0.7
Courtney Lee,Dallas Mavericks,10.3,0.1,0.4
Damion Lee,,11.9,0.3,0.4
Walt Lemon Jr.,,16.3,-0.1,0.2
Alex Len,Atlanta Hawks,17.2,2.2,1
Kawhi Leonard,Toronto Raptors,25.8,6.1,3.4
Meyers Leonard,Portland Trail Blazers,15.8,2.1,0.9
Jon Leuer,Detroit Pistons,13.2,0.4,0.5
Caris LeVert,Brooklyn Nets,14.9,0.5,1.2
Damian Lillard,Portland Trail Blazers,23.7,9.7,2.4
Jeremy Lin,Atlanta Hawks,13.5,1.2,0.9
Shaun Livingston,Golden State Warriors,11.7,1.2,0.9
Kevon Looney,Golden State Warriors,17.3,4.2,1.8
Brook Lopez,Milwaukee Bucks,14.6,2.3,4.3
Robin Lopez,Chicago Bulls,15.9,2,0.7
Kevin Love,Cleveland Cavaliers,19.5,1,0.4
Kyle Lowry,Toronto Raptors,16.5,3.6,3
Jordan Loyd,,16.3,0.2,0
Kalin Lucas,,16.6,0,0
Timothe Luwawu-Cabarrot,Chicago Bulls,8,-0.3,0.5
Tyler Lydon,Denver Nuggets,9.3,0.1,0.1
Trey Lyles,Denver Nuggets,12.7,-0.2,1.4
Scott Machado,Los Angeles Lakers,22.2,0.1,0
Shelvin Mack,Orlando Magic,10.4,-0.2,1.1
Daryl Macon,,5.5,-0.1,0
J.P. Macura,,5.7,0,0
Ian Mahinmi,Washington Wizards,12,0.5,0.5
Thon Maker,Detroit Pistons,11.3,0.5,1.5
Boban Marjanovic,Philadelphia 76ers,24.2,2.1,0.9
Lauri Markkanen,Chicago Bulls,17.1,1.3,1.5
Jarell Martin,Orlando Magic,9.4,0.1,0.4
Frank Mason III,Sacramento Kings,12.4,0,0.3
Yante Maten,,5.7,0,0
Wesley Matthews,New York Knicks,10.3,1.1,1.5
Luc Mbah a Moute,Los Angeles Clippers,6.7,0,0
Tahjere McCall,Brooklyn Nets,9.6,0,0
Patrick McCaw,Cleveland Cavaliers,7.5,0,0.5
CJ McCollum,Portland Trail Blazers,17,4,1.7
T.J. McConnell,Philadelphia 76ers,13.4,1.2,1.7
Doug McDermott,Indiana Pacers,11.6,1.8,1.1
JaVale McGee,Los Angeles Lakers,21.8,3,2.9
Rodney McGruder,Los Angeles Clippers,9.4,0.4,1.6
Alfonzo McKinnie,Golden State Warriors,11.2,1.2,0.9
Ben McLemore,Sacramento Kings,10.5,0.1,0.1
Jordan McRae,,14.3,0.3,0.2
Jodie Meeks,Milwaukee Bucks,16,0.2,0.1
Salah Mejri,Dallas Mavericks,16.1,0.5,0.6
De'Anthony Melton,Phoenix Suns,9.9,-0.8,0.8
Chimezie Metu,San Antonio Spurs,6.4,-0.5,0.2
Khris Middleton,Milwaukee Bucks,16.5,2.5,3.6
C.J. Miles,Memphis Grizzlies,9,-0.2,0.9
Darius Miller,New Orleans Pelicans,8.4,1.1,0.6
Malcolm Miller,Toronto Raptors,13.7,0.1,0.1
Patty Mills,San Antonio Spurs,13.2,2.2,1.2
Paul Millsap,Denver Nuggets,17.9,3.2,2.9
Shake Milton,,9.3,0.1,0.3
Nikola Mirotic,Milwaukee Bucks,17.2,2,1.4
Donovan Mitchell,Utah Jazz,17.2,1.3,3.7
Naz Mitrou-Long,,2.2,-0.2,0.1
Malik Monk,Charlotte Hornets,11.8,-0.4,0.7
Greg Monroe,Brooklyn Nets,16,0.4,0.7
E'Twaun Moore,New Orleans Pelicans,11.5,1.2,0.5
Eric Moreland,Phoenix Suns,6.7,-0.1,0.1
Marcus Morris,Boston Celtics,14.2,2.1,2.5
Markieff Morris,New Orleans Pelicans,11.7,0.6,1.1
Monte Morris,Denver Nuggets,16.2,4.4,1.8
Donatas Motiejunas,San Antonio Spurs,-0.5,-0.1,0
Johnathan Motley,,18.9,0.1,0.2
Emmanuel Mudiay,New York Knicks,14.6,0.1,0.7
Jamal Murray,Denver Nuggets,16,2.8,2.3
Dzanan Musa,Brooklyn Nets,5.8,-0.2,0
Mike Muscala,Los Angeles Lakers,10.8,1.2,1.2
Sviatoslav Mykhailiuk,Detroit Pistons,6,-0.4,0.3
Abdel Nader,Oklahoma City Thunder,8.8,0,0.9
Larry Nance Jr.,Cleveland Cavaliers,18.6,3.3,1.6
Shabazz Napier,Brooklyn Nets,15.3,1,1
Raul Neto,Utah Jazz,13.5,0.5,0.6
Georges Niang,Utah Jazz,13,0.7,0.7
Joakim Noah,New York Knicks,18.6,1,1.2
Nerlens Noel,Oklahoma City Thunder,19.3,1.9,2.5
Dirk Nowitzki,Dallas Mavericks,9.6,-0.5,0.8
Frank Ntilikina,New York Knicks,6,-1.3,0.4
James Nunnally,Minnesota Timberwolves,7.3,0.1,0
Jusuf Nurkic,Portland Trail Blazers,23.4,4.4,3.3
David Nwaba,Cleveland Cavaliers,12.5,1.1,0.3
Royce O'Neale,Utah Jazz,9,0.7,2.5
Kyle O'Quinn,Indiana Pacers,16.8,0.2,0.8
Semi Ojeleye,Boston Celtics,8.5,0.2,0.5
Jahlil Okafor,New Orleans Pelicans,17.9,1.4,0.8
Elie Okobo,Phoenix Suns,7.6,-0.7,0.2
Josh Okogie,Minnesota Timberwolves,9.4,-0.1,1.4
Victor Oladipo,Indiana Pacers,17.6,0.4,1.9
Kelly Olynyk,Miami Heat,14.4,2.3,2.5
Cedi Osman,Cleveland Cavaliers,11.5,1.2,0.2
Kelly Oubre Jr.,Phoenix Suns,15.2,0.9,1.3
Zaza Pachulia,Detroit Pistons,13.7,1.1,1.3
Jabari Parker,Washington Wizards,15.5,0.1,1.3
Tony Parker,Charlotte Hornets,15.3,0.6,0.3
Chandler Parsons,Memphis Grizzlies,8.5,-0.6,0.6
Patrick Patterson,Oklahoma City Thunder,8.1,0.2,0.9
Justin Patton,Philadelphia 76ers,10.5,0,0
Chris Paul,Houston Rockets,19.7,4.4,2.2
Cameron Payne,Chicago Bulls,11.5,0.1,0.3
Elfrid Payton,New Orleans Pelicans,14,0.6,0.9
Gary Payton II,Washington Wizards,36.9,0.1,0
Theo Pinson,,8.1,-0.2,0.2
Mason Plumlee,Denver Nuggets,17.8,2.9,2.9
Miles Plumlee,Atlanta Hawks,18.9,0.4,0.1
Jakob Poeltl,San Antonio Spurs,19.4,3.5,1.6
Quincy Pondexter,San Antonio Spurs,13.2,0.5,0.3
Otto Porter,Chicago Bulls,15.9,1.8,1.5
Bobby Portis,Washington Wizards,16.1,0.5,1.1
Dwight Powell,Dallas Mavericks,20.4,5.6,1.9
Norman Powell,Toronto Raptors,13.3,1,1.4
Alex Poythress,,12.2,0.4,0.2
Zhou Qi,Houston Rockets,80.4,0,0
Ivan Rabb,Memphis Grizzlies,16.1,1.2,0.9
Chasson Randle,Washington Wizards,9.9,0.4,0.2
Julius Randle,New Orleans Pelicans,21,4.2,1.9
J.J. Redick,Philadelphia 76ers,15.1,4.6,1.2
Davon Reed,Phoenix Suns,8.1,0,0
Cameron Reynolds,Minnesota Timberwolves,10.4,0.3,0.1
Josh Richardson,Miami Heat,14,3,2.6
Malachi Richardson,Philadelphia 76ers,0.9,-0.2,0.1
Austin Rivers,Phoenix Suns,7.7,0.4,0.8
Devin Robinson,,20.6,0.2,0.1
Duncan Robinson,,7.6,0,0.2
Glenn Robinson III,Detroit Pistons,8.7,0.1,0.6
Jerome Robinson,Los Angeles Clippers,7.2,-0.2,0.3
Mitchell Robinson,New York Knicks,22,4,2.2
Rajon Rondo,Los Angeles Lakers,12.1,-0.2,1.5
Derrick Rose,Minnesota Timberwolves,19.5,2.6,0.3
Terrence Ross,Orlando Magic,15.4,1.7,2.6
Terry Rozier,Boston Celtics,12.9,0.9,2.3
Ricky Rubio,Utah Jazz,14,0.9,2.8
D'Angelo Russell,Brooklyn Nets,19.4,2.4,2.6
Domantas Sabonis,Indiana Pacers,21.9,4.3,3.3
Brandon Sampson,,8.5,-0.1,0.1
JaKarr Sampson,Chicago Bulls,22.5,0.3,0.1
Dario Saric,Minnesota Timberwolves,13.1,2.3,1.2
Tomas Satoransky,Washington Wizards,14.1,3.8,0.9
Dennis Schroder,Oklahoma City Thunder,12.7,0.4,2.4
Mike Scott,Philadelphia 76ers,8.6,0.4,1.2
Thabo Sefolosha,Utah Jazz,12.1,0.2,1.2
Wayne Selden,Chicago Bulls,8.3,-1,0.8
Collin Sexton,Cleveland Cavaliers,12,-0.1,-0.5
Landry Shamet,Los Angeles Clippers,11,2.7,0.9
Iman Shumpert,Houston Rockets,9.1,0.1,1.2
Pascal Siakam,Toronto Raptors,18.7,5.7,3.6
Jordan Sibert,Atlanta Hawks,29.7,0,0
Ben Simmons,Philadelphia 76ers,20,4.6,3.6
Jonathon Simmons,Philadelphia 76ers,8.5,-0.8,1.1
Kobi Simmons,Cleveland Cavaliers,0,0,0
Anfernee Simons,Portland Trail Blazers,11.1,0,0
Marcus Smart,Boston Celtics,13.1,2.2,3.1
Dennis Smith Jr.,New York Knicks,12.3,-1.2,1.2
Ish Smith,Detroit Pistons,11.8,0.5,1.1
J.R. Smith,Cleveland Cavaliers,7.8,-0.3,0.1
Jason Smith,New Orleans Pelicans,9.8,0,0.2
Zhaire Smith,Philadelphia 76ers,9.5,0,0.1
Tony Snell,Milwaukee Bucks,10.7,1.6,1.6
Ray Spalding,Dallas Mavericks,14.6,0,0.2
Omari Spellman,Atlanta Hawks,12.4,0.6,0.5
Nik Stauskas,Indiana Pacers,10.9,0.6,0.5
Lance Stephenson,Los Angeles Lakers,11.8,-0.1,1.2
Edmond Sumner,Indiana Pacers,7.6,-0.2,0.3
Caleb Swanigan,Sacramento Kings,4.7,-0.5,0.2
Jayson Tatum,Boston Celtics,15.1,1.6,3.4
Jeff Teague,Minnesota Timberwolves,15.4,1.7,0.5
Garrett Temple,Los Angeles Clippers,8.5,0.3,2
Milos Teodosic,Los Angeles Clippers,6.5,-0.1,0.1
Jared Terrell,,0.7,-0.4,0
Emanuel Terry,Phoenix Suns,19.7,0,0
Daniel Theis,Boston Celtics,17,2.3,1.3
Isaiah Thomas,Denver Nuggets,7,-0.4,0.1
Khyri Thomas,Detroit Pistons,6.2,-0.2,0.2
Lance Thomas,New York Knicks,6.4,-0.3,0.3
Klay Thompson,Golden State Warriors,16.6,2.9,2.3
Tristan Thompson,Cleveland Cavaliers,18.4,2.1,0.5
Sindarius Thornwell,Los Angeles Clippers,5.2,-0.3,0.3
Anthony Tolliver,Minnesota Timberwolves,8.6,0.6,0.5
Karl-Anthony Towns,Minnesota Timberwolves,26.3,7.2,3.2
Gary Trent Jr.,Portland Trail Blazers,3.6,-0.3,0.1
Allonzo Trier,New York Knicks,12.2,0.4,0.5
P.J. Tucker,Houston Rockets,9.2,2,3
Evan Turner,Portland Trail Blazers,11.6,0.5,1.5
Myles Turner,Indiana Pacers,18,1.9,4.4
Ekpe Udoh,Utah Jazz,20.9,0.9,0.7
Jonas Valanciunas,Memphis Grizzlies,24.4,2.2,1.9
Jarred Vanderbilt,Denver Nuggets,12.4,-0.1,0.1
Fred VanVleet,Toronto Raptors,13.7,2.4,1.9
Noah Vonleh,New York Knicks,13.9,1.5,1.7
Nikola Vucevic,Orlando Magic,25.5,5.4,4.7
Dwyane Wade,Miami Heat,15.8,0.1,2.3
Moritz Wagner,Los Angeles Lakers,10.1,-0.3,0.5
Dion Waiters,Miami Heat,11.4,0.1,1.1
Kemba Walker,Charlotte Hornets,21.7,5.5,1.9
Lonnie Walker,San Antonio Spurs,10.8,-0.1,0.2
John Wall,Washington Wizards,18,0.5,0.7
Tyrone Wallace,Los Angeles Clippers,7,-0.8,0.5
Taurean Prince,Atlanta Hawks,11.9,0.8,0.7
Brad Wanamaker,Boston Celtics,14.3,0.6,0.4
T.J. Warren,Phoenix Suns,16.3,1.6,0.5
Julian Washburn,,6.5,-0.2,0.3
Yuta Watanabe,,3.3,-0.4,0.2
Thomas Welsh,,16.1,0.1,0
Russell Westbrook,Oklahoma City Thunder,21.1,1.8,5
Derrick White,San Antonio Spurs,14.8,1.7,1.9
Okaro White,Washington Wizards,-4.5,0,0
Hassan Whiteside,Miami Heat,23.5,2.3,4
Andrew Wiggins,Minnesota Timberwolves,12.4,-0.6,1.3
Alan Williams,,32.9,0.1,0.1
C.J. Williams,,8.8,0.1,0.1
Johnathan Williams,,15.1,0.7,0.3
Kenrich Williams,New Orleans Pelicans,9.7,0.3,0.9
Lou Williams,Los Angeles Clippers,21.2,3.9,1.2
Marvin Williams,Charlotte Hornets,12.6,1.9,1.9
Robert Williams,Boston Celtics,18.8,0.5,0.6
Troy Williams,Houston Rockets,10.5,0.1,0.3
D.J. Wilson,Milwaukee Bucks,10.3,0.3,1.4
Justise Winslow,Miami Heat,12.8,0.2,2.6
Christian Wood,New Orleans Pelicans,21.9,0.4,0.3
Delon Wright,Memphis Grizzlies,15.5,1.9,2.4
Guerschon Yabusele,Boston Celtics,12.4,0.2,0.3
Nick Young,Denver Nuggets,2.3,0,0
Thaddeus Young,Indiana Pacers,16.2,3,3.9
Trae Young,Atlanta Hawks,17,2.5,0.7
Cody Zeller,Charlotte Hornets,17.2,2.6,1.2
Tyler Zeller,Atlanta Hawks,17.3,0.2,0.1
Ante Zizic,Cleveland Cavaliers,16.2,1.7,0.3
Ivica Zubac,Los Angeles Clippers,18.9,1.9,1.3
